"sample_name","target_name","pseudocigar_masked","reads","AlleleFreq","NumASVs_Meeting_Threshold","Category"
"B1_POS1","Pf3D7_05_v3-0668787-0668979",".",406,0.968973747016706,2,"2 Alleles"
"B1_POS1","Pf3D7_05_v3-0668787-0668979","21A",13,0.0310262529832936,2,"2 Alleles"
"B1_POS1","Pf3D7_07_v3-0405597-0405815",".",606,0.9696,2,"2 Alleles"
"B1_POS1","Pf3D7_07_v3-0405597-0405815","10C",19,0.0304,2,"2 Alleles"
"B1_POS1","Pf3D7_14_v3-0421354-0421514",".",2945,0.960534898891063,2,"2 Alleles"
"B1_POS1","Pf3D7_14_v3-0421354-0421514","24A",121,0.0394651011089367,2,"2 Alleles"
"B1_POS1","Pf3D7_14_v3-1392869-1393059",".",968,0.971887550200803,2,"2 Alleles"
"B1_POS1","Pf3D7_14_v3-1392869-1393059","8C",28,0.0281124497991968,2,"2 Alleles"
"B1_POS2","Pf3D7_01_v3-0455826-0456021",".",621,0.979495268138801,2,"2 Alleles"
"B1_POS2","Pf3D7_01_v3-0455826-0456021","7C",13,0.0205047318611987,2,"2 Alleles"
"B1_POS2","Pf3D7_10_v3-1414369-1414565",".",451,0.967811158798283,2,"2 Alleles"
"B1_POS2","Pf3D7_10_v3-1414369-1414565","25A",15,0.0321888412017167,2,"2 Alleles"
"B2_POS1","Pf3D7_01_v3-0162888-0163092",".",956,0.975510204081633,2,"2 Alleles"
"B2_POS1","Pf3D7_01_v3-0162888-0163092","21A",24,0.0244897959183673,2,"2 Alleles"
"B2_POS1","Pf3D7_05_v3-0641162-0641373",".",2630,0.979880774962742,2,"2 Alleles"
"B2_POS1","Pf3D7_05_v3-0641162-0641373","24C",54,0.0201192250372578,2,"2 Alleles"
"B2_POS2","Pf3D7_08_v3-0399718-0399934",".",1902,0.979907264296754,2,"2 Alleles"
"B2_POS2","Pf3D7_08_v3-0399718-0399934","27T",39,0.0200927357032458,2,"2 Alleles"
"B2_POS2","Pf3D7_12_v3-0684043-0684207",".",1113,0.972902097902098,2,"2 Alleles"
"B2_POS2","Pf3D7_12_v3-0684043-0684207","29C",31,0.0270979020979021,2,"2 Alleles"
"B2_POS2","Pf3D7_14_v3-1992153-1992347",".",761,0.965736040609137,2,"2 Alleles"
"B2_POS2","Pf3D7_14_v3-1992153-1992347","23T",27,0.0342639593908629,2,"2 Alleles"
