"sample_name","Batch","reaction","reads_per_reaction","prop_good_loci","reason"
"B1_S02","Batch1","1",13661,0.160975609756098,"< reprep threshold  0.5"
"B1_S02","Batch1","2",1692,0.25,"< reprep threshold  0.5"
"B1_S12","Batch1","1",16866,0.278048780487805,"< reprep threshold  0.5"
"B1_S12","Batch1","2",1871,0.25,"< reprep threshold  0.5"
"B1_S20","Batch1","1",15019,0.224390243902439,"< reprep threshold  0.5"
"B1_S20","Batch1","2",1751,0.125,"< reprep threshold  0.5"
"B1_S24","Batch1","1",9005,0.0634146341463415,"< reprep threshold  0.5"
"B1_S24","Batch1","2",947,0.0833333333333333,"< reprep threshold  0.5"
"B1_S36","Batch1","1",22856,0.429268292682927,"< reprep threshold  0.5"
"B1_S36","Batch1","2",2828,0.458333333333333,"< reprep threshold  0.5"
"B1_S66","Batch1","1",14524,0.195121951219512,"< reprep threshold  0.5"
"B1_S66","Batch1","2",1553,0.125,"< reprep threshold  0.5"
"B1_S71","Batch1","1",10181,0.0878048780487805,"< reprep threshold  0.5"
"B1_S71","Batch1","2",997,0.0416666666666667,"< reprep threshold  0.5"
"B1_S74","Batch1","1",26926,0.48780487804878,"< reprep threshold  0.5"
"B1_S74","Batch1","2",2904,0.458333333333333,"< reprep threshold  0.5"
"B1_S83","Batch1","1",22291,0.385365853658537,"< reprep threshold  0.5"
"B1_S83","Batch1","2",2606,0.416666666666667,"< reprep threshold  0.5"
"B1_S90","Batch1","1",3817,0.00975609756097561,"< reprep threshold  0.5"
"B1_S90","Batch1","2",490,0,"< reprep threshold  0.5"
"B2_S05","Batch2","2",401,0,"< reprep threshold  0.5"
"B2_S06","Batch2","2",442,0,"< reprep threshold  0.5"
"B2_S16","Batch2","1",14137,0.165853658536585,"< reprep threshold  0.5"
"B2_S16","Batch2","2",1685,0.166666666666667,"< reprep threshold  0.5"
"B2_S19","Batch2","1",4666,0.00975609756097561,"< reprep threshold  0.5"
"B2_S19","Batch2","2",605,0,"< reprep threshold  0.5"
"B2_S20","Batch2","1",0,0,"no data for sample"
"B2_S20","Batch2","2",0,0,"no data for sample"
"B2_S22","Batch2","1",15253,0.229268292682927,"< reprep threshold  0.5"
"B2_S22","Batch2","2",1869,0.291666666666667,"< reprep threshold  0.5"
"B2_S27","Batch2","1",23643,0.44390243902439,"< reprep threshold  0.5"
"B2_S30","Batch2","1",18609,0.307317073170732,"< reprep threshold  0.5"
"B2_S30","Batch2","2",2213,0.416666666666667,"< reprep threshold  0.5"
"B2_S40","Batch2","1",3058,0.0048780487804878,"< reprep threshold  0.5"
"B2_S40","Batch2","2",352,0,"< reprep threshold  0.5"
"B2_S51","Batch2","1",21151,0.336585365853659,"< reprep threshold  0.5"
"B2_S51","Batch2","2",2318,0.333333333333333,"< reprep threshold  0.5"
"B2_S57","Batch2","1",12034,0.15609756097561,"< reprep threshold  0.5"
"B2_S57","Batch2","2",1450,0.166666666666667,"< reprep threshold  0.5"
"B2_S64","Batch2","1",5874,0.0195121951219512,"< reprep threshold  0.5"
"B2_S64","Batch2","2",712,0,"< reprep threshold  0.5"
"B2_S67","Batch2","1",6255,0.024390243902439,"< reprep threshold  0.5"
"B2_S67","Batch2","2",626,0,"< reprep threshold  0.5"
"B2_S75","Batch2","1",9511,0.0682926829268293,"< reprep threshold  0.5"
"B2_S75","Batch2","2",904,0.0416666666666667,"< reprep threshold  0.5"
"B2_S81","Batch2","1",11400,0.131707317073171,"< reprep threshold  0.5"
"B2_S81","Batch2","2",1630,0.208333333333333,"< reprep threshold  0.5"
"B2_S84","Batch2","1",9914,0.0926829268292683,"< reprep threshold  0.5"
"B2_S84","Batch2","2",1061,0.0833333333333333,"< reprep threshold  0.5"
