sample_name,SampleType,Batch,Column,Row,Parasitemia
B1_S01,sample,Batch1,1,A,6788.9
B1_S02,sample,Batch1,1,B,1.3
B1_S03,sample,Batch1,1,C,11.1
B1_S04,sample,Batch1,1,D,453.2
B1_S05,sample,Batch1,1,E,16954.5
B1_S06,sample,Batch1,1,F,39949.5
B1_S07,sample,Batch1,1,G,8500
B1_S08,sample,Batch1,1,H,10.1
B1_S09,sample,Batch1,2,A,6943.4
B1_S10,sample,Batch1,2,B,961.1
B1_S11,sample,Batch1,2,C,14.8
B1_S12,sample,Batch1,2,D,4.8
B1_S13,sample,Batch1,2,E,1690.1
B1_S14,sample,Batch1,2,F,3177.6
B1_S15,sample,Batch1,2,G,344.7
B1_S16,sample,Batch1,2,H,31884.3
B1_S17,sample,Batch1,3,A,503.3
B1_S18,sample,Batch1,3,B,1859.5
B1_S19,sample,Batch1,3,C,18.9
B1_S20,sample,Batch1,3,D,2.3
B1_S21,sample,Batch1,3,E,51518.2
B1_S22,sample,Batch1,3,F,86038
B1_S23,sample,Batch1,3,G,39
B1_S24,sample,Batch1,3,H,1.3
B1_S25,sample,Batch1,4,A,1107.7
B1_S26,sample,Batch1,4,B,12922.2
B1_S27,sample,Batch1,4,C,1259.2
B1_S28,sample,Batch1,4,D,48.8
B1_S29,sample,Batch1,4,E,2690.8
B1_S30,sample,Batch1,4,F,96253.3
B1_S31,sample,Batch1,4,G,45.6
B1_S32,sample,Batch1,4,H,40.9
B1_S33,sample,Batch1,5,A,26469.5
B1_S34,sample,Batch1,5,B,66.3
B1_S35,sample,Batch1,5,C,11.7
B1_S36,sample,Batch1,5,D,8.1
B1_S37,sample,Batch1,5,E,27.3
B1_S38,sample,Batch1,5,F,4749.5
B1_S39,sample,Batch1,5,G,83.5
B1_S40,sample,Batch1,5,H,10225.9
B1_S41,sample,Batch1,6,A,516.3
B1_S42,sample,Batch1,6,B,464.1
B1_S43,sample,Batch1,6,C,486.1
B1_S44,sample,Batch1,6,D,16887
B1_S45,sample,Batch1,6,E,52.6
B1_S46,sample,Batch1,6,F,587.7
B1_S47,sample,Batch1,6,G,649.2
B1_S48,sample,Batch1,6,H,12
B1_S49,sample,Batch1,7,A,14647.1
B1_S50,sample,Batch1,7,B,579.2
B1_S51,sample,Batch1,7,C,958
B1_S52,sample,Batch1,7,D,40.7
B1_S53,sample,Batch1,7,E,6529.6
B1_S54,sample,Batch1,7,F,129.8
B1_S55,sample,Batch1,7,G,5116.7
B1_S56,sample,Batch1,7,H,13
B1_S57,sample,Batch1,8,A,74802.5
B1_S58,sample,Batch1,8,B,2301.6
B1_S59,sample,Batch1,8,C,67.8
B1_S60,sample,Batch1,8,D,2007
B1_S61,sample,Batch1,8,E,35.4
B1_S62,sample,Batch1,8,F,279.9
B1_S63,sample,Batch1,8,G,197.4
B1_S64,sample,Batch1,8,H,11.9
B1_S65,sample,Batch1,9,A,14041.9
B1_S66,sample,Batch1,9,B,3.2
B1_S67,sample,Batch1,9,C,8680.5
B1_S68,sample,Batch1,9,D,33712.1
B1_S69,sample,Batch1,9,E,12623.2
B1_S70,sample,Batch1,9,F,40105.9
B1_S71,sample,Batch1,9,G,8.4
B1_S72,sample,Batch1,9,H,19.4
B1_S73,sample,Batch1,10,A,482.9
B1_S74,sample,Batch1,10,B,5.7
B1_S75,sample,Batch1,10,C,20954.9
B1_S76,sample,Batch1,10,D,5.6
B1_S77,sample,Batch1,10,E,73.1
B1_S78,sample,Batch1,10,F,233.7
B1_S79,sample,Batch1,10,G,3582.9
B1_S80,sample,Batch1,10,H,869.9
B1_S81,sample,Batch1,11,A,53569.5
B1_S82,sample,Batch1,11,B,6489.2
B1_S83,sample,Batch1,11,C,2.1
B1_S84,sample,Batch1,11,D,29092.3
B1_S85,sample,Batch1,11,E,13809.3
B1_S86,sample,Batch1,11,F,15696
B1_S87,sample,Batch1,11,G,632.4
B1_S88,sample,Batch1,11,H,7.3
B1_S89,sample,Batch1,12,A,26889.4
B1_S90,sample,Batch1,12,B,1.1
B1_S91,sample,Batch1,12,C,745.5
B1_S92,sample,Batch1,12,D,14.2
B1_NEG1,negative,Batch1,12,E,0
B1_NEG2,negative,Batch1,12,F,0
B1_POS1,positive,Batch1,12,G,10000
B1_POS2,positive,Batch1,12,H,10000
B2_S01,sample,Batch2,1,A,1864.9
B2_S02,sample,Batch2,1,B,95868.2
B2_S03,sample,Batch2,1,C,58486.4
B2_S04,sample,Batch2,1,D,207.9
B2_S05,sample,Batch2,1,E,21340.5
B2_S06,sample,Batch2,1,F,12876.2
B2_S07,sample,Batch2,1,G,77858.9
B2_S08,sample,Batch2,1,H,9.3
B2_S09,sample,Batch2,2,A,10.8
B2_S10,sample,Batch2,2,B,53.6
B2_S11,sample,Batch2,2,C,2097.8
B2_S12,sample,Batch2,2,D,1506.7
B2_S13,sample,Batch2,2,E,72.3
B2_S14,sample,Batch2,2,F,27293.3
B2_S15,sample,Batch2,2,G,13.6
B2_S16,sample,Batch2,2,H,5.2
B2_S17,sample,Batch2,3,A,2483
B2_S18,sample,Batch2,3,B,1113.5
B2_S19,sample,Batch2,3,C,1.1
B2_S20,sample,Batch2,3,D,14.9
B2_S21,sample,Batch2,3,E,1100.3
B2_S22,sample,Batch2,3,F,5.9
B2_S23,sample,Batch2,3,G,3404.7
B2_S24,sample,Batch2,3,H,3029.9
B2_S25,sample,Batch2,4,A,2690.2
B2_S26,sample,Batch2,4,B,22
B2_S27,sample,Batch2,4,C,5.3
B2_S28,sample,Batch2,4,D,932.6
B2_S29,sample,Batch2,4,E,3270.7
B2_S30,sample,Batch2,4,F,4.9
B2_S31,sample,Batch2,4,G,62.7
B2_S32,sample,Batch2,4,H,23.9
B2_S33,sample,Batch2,5,A,945.1
B2_S34,sample,Batch2,5,B,40.9
B2_S35,sample,Batch2,5,C,30.3
B2_S36,sample,Batch2,5,D,11.9
B2_S37,sample,Batch2,5,E,46.2
B2_S38,sample,Batch2,5,F,33.9
B2_S39,sample,Batch2,5,G,703.8
B2_S40,sample,Batch2,5,H,1.4
B2_S41,sample,Batch2,6,A,969
B2_S42,sample,Batch2,6,B,1003
B2_S43,sample,Batch2,6,C,126.6
B2_S44,sample,Batch2,6,D,266.1
B2_S45,sample,Batch2,6,E,94.7
B2_S46,sample,Batch2,6,F,159.5
B2_S47,sample,Batch2,6,G,21818.8
B2_S48,sample,Batch2,6,H,98.5
B2_S49,sample,Batch2,7,A,44.4
B2_S50,sample,Batch2,7,B,1475.3
B2_S51,sample,Batch2,7,C,8.2
B2_S52,sample,Batch2,7,D,230.1
B2_S53,sample,Batch2,7,E,111.5
B2_S54,sample,Batch2,7,F,15799.1
B2_S55,sample,Batch2,7,G,422.2
B2_S56,sample,Batch2,7,H,17244.5
B2_S57,sample,Batch2,8,A,5.4
B2_S58,sample,Batch2,8,B,8702.4
B2_S59,sample,Batch2,8,C,28666.3
B2_S60,sample,Batch2,8,D,36791.5
B2_S61,sample,Batch2,8,E,21.9
B2_S62,sample,Batch2,8,F,670.8
B2_S63,sample,Batch2,8,G,14.1
B2_S64,sample,Batch2,8,H,1.4
B2_S65,sample,Batch2,9,A,32292.5
B2_S66,sample,Batch2,9,B,69980.5
B2_S67,sample,Batch2,9,C,1
B2_S68,sample,Batch2,9,D,70.6
B2_S69,sample,Batch2,9,E,9552.3
B2_S70,sample,Batch2,9,F,734.8
B2_S71,sample,Batch2,9,G,23.7
B2_S72,sample,Batch2,9,H,2289.5
B2_S73,sample,Batch2,10,A,13429.5
B2_S74,sample,Batch2,10,B,31.3
B2_S75,sample,Batch2,10,C,6.5
B2_S76,sample,Batch2,10,D,5.7
B2_S77,sample,Batch2,10,E,1070.3
B2_S78,sample,Batch2,10,F,230
B2_S79,sample,Batch2,10,G,15.9
B2_S80,sample,Batch2,10,H,15066.3
B2_S81,sample,Batch2,11,A,2.9
B2_S82,sample,Batch2,11,B,24.3
B2_S83,sample,Batch2,11,C,85304.8
B2_S84,sample,Batch2,11,D,3.5
B2_NEG1,negative,Batch2,11,E,0
B2_NEG2,negative,Batch2,11,F,0
B2_POS1,positive,Batch2,11,G,10000
B2_POS2,positive,Batch2,11,H,10000
